﻿<?xml version="1.0" encoding="utf-8"?>
<Defs>

  <SoundDef>
    <defName>TR_IncomingHowitzer</defName>
    <context>MapOnly</context>
    <eventNames />
    <maxVoices>4</maxVoices>
    <maxSimultaneous>4</maxSimultaneous>
    <subSounds>
      <li>
        <grains>
          <li Class="AudioGrain_Clip">
            <clipPath>Things/TR_IncomingHowitzer</clipPath>
          </li>
        </grains>
        <volumeRange>
          <min>80</min>
          <max>110</max>
        </volumeRange>
        <pitchRange>
          <min>0.865690</min>
          <max>1.345345</max>
        </pitchRange>
      </li>
    </subSounds>
  </SoundDef>

</Defs>