<?xml version="1.0" encoding="utf-8" ?>
<Defs>
  
  <ThingDef Name="LadderBase" ParentName="BuildingBase" Abstract="True">
    <designationCategory>Trenches</designationCategory>
    
  </ThingDef>

  <ThingDef ParentName="LadderBase">
    <defName>trenchladder</defName>
    <label>Trench - Ladder</label>
	<thingClass>Building</thingClass>
    <description>Easier way to get out of your trench, charge!</description>
	
	<researchPrerequisites>
      <li>Trenches1</li>
    </researchPrerequisites>	
	
    <graphicData>
      <texPath>Things/Building/Trench/Trench/Trench1ladder</texPath>
      <graphicClass>Graphic_Multi</graphicClass>
      <drawSize>(1,1)</drawSize>
      <damageData>
        <cornerTL>Damage/Corner</cornerTL>
        <cornerTR>Damage/Corner</cornerTR>
        <cornerBL>Damage/Corner</cornerBL>
        <cornerBR>Damage/Corner</cornerBR>
      </damageData>
    </graphicData>
    <altitudeLayer>Building</altitudeLayer>
		<passability>PassThroughOnly</passability>
		<pathCost>15</pathCost>
		<pathCostIgnoreRepeat>false</pathCostIgnoreRepeat>
		    <fillPercent>0.6</fillPercent>
    <castEdgeShadows>false</castEdgeShadows>

	<costList>
      <Steel>5</Steel>
      <WoodLog>15</WoodLog>
    </costList>
	
		<constructEffect>ConstructWood</constructEffect>
		<repairEffect>ConstructWood</repairEffect>
	
	
	
	<damageMultipliers>
			<li>
			<damageDef>Bomb</damageDef>
			<multiplier>10</multiplier>
			</li>
	</damageMultipliers>
	
    <defaultPlacingRot>South</defaultPlacingRot>
    <statBases>
      <MaxHitPoints>900</MaxHitPoints>
      <Mass>15</Mass>
      <WorkToBuild>700</WorkToBuild>
      <Flammability>0.5</Flammability>
      <Beauty>-5</Beauty>
    </statBases>
    <size>(1,1)</size>
    <staticSunShadowHeight>0</staticSunShadowHeight>
    <surfaceType>Item</surfaceType>
    <canOverlapZones>false</canOverlapZones>
  </ThingDef>
  
  <ThingDef ParentName="LadderBase">
    <defName>Steepladder</defName>
    <label>Steep Trench - Ladder</label>
	<thingClass>Building</thingClass>
	
	<researchPrerequisites>
      <li>Trenches1</li>
    </researchPrerequisites>	
	
    <description>Easier way to get out of your trench, charge!</description>
    <graphicData>
      <texPath>Things/Building/Trench/Trench/Trench2ladder</texPath>
      <graphicClass>Graphic_Multi</graphicClass>
      <drawSize>(1,1)</drawSize>
      <damageData>
        <cornerTL>Damage/Corner</cornerTL>
        <cornerTR>Damage/Corner</cornerTR>
        <cornerBL>Damage/Corner</cornerBL>
        <cornerBR>Damage/Corner</cornerBR>
      </damageData>
    </graphicData>
    <altitudeLayer>Building</altitudeLayer>
    <passability>PassThroughOnly</passability>
    <fillPercent>0.5</fillPercent>
    <castEdgeShadows>false</castEdgeShadows>
	<costList>
      <Steel>5</Steel>
      <WoodLog>15</WoodLog>
    </costList>
	
		<constructEffect>ConstructWood</constructEffect>
		<repairEffect>ConstructWood</repairEffect>
	
	<damageMultipliers>
		<li>
		<damageDef>Bomb</damageDef>
		<multiplier>10</multiplier>
		</li>
	</damageMultipliers>
	
    <defaultPlacingRot>South</defaultPlacingRot>
    <statBases>
      <MaxHitPoints>900</MaxHitPoints>
      <Mass>15</Mass>
      <WorkToBuild>700</WorkToBuild>
      <Flammability>0.5</Flammability>
      <Beauty>-5</Beauty>
    </statBases>
    <size>(1,1)</size>
    <staticSunShadowHeight>0</staticSunShadowHeight>
    <surfaceType>Item</surfaceType>
    <canOverlapZones>false</canOverlapZones>
  </ThingDef>
  
  </Defs>