<?xml version="1.0" encoding="utf-8" ?>
<Defs>
  
  <ThingDef Name="StepBaseTR" ParentName="BuildingBase" Abstract="True">
    <designationCategory>Trenches</designationCategory>
    
  </ThingDef>

  <ThingDef ParentName="StepBaseTR">
    <defName>Trenchstep</defName>
    <label>Trench - Step</label>
	<thingClass>Building</thingClass>
	
	<researchPrerequisites>
      <li>Trenches1</li>
    </researchPrerequisites>
	
    <description>One step to reach a nearby machine gun.</description>
    <graphicData>
      <texPath>Things/Building/Trench/Trench/Trench1step</texPath>
      <graphicClass>Graphic_Multi</graphicClass>
      <drawSize>(1,1)</drawSize>
      <damageData>
        <cornerTL>Damage/Corner</cornerTL>
        <cornerTR>Damage/Corner</cornerTR>
        <cornerBL>Damage/Corner</cornerBL>
        <cornerBR>Damage/Corner</cornerBR>
      </damageData>
    </graphicData>
    <altitudeLayer>Building</altitudeLayer>
    		<passability>PassThroughOnly</passability>
		<pathCost>40</pathCost>
		<pathCostIgnoreRepeat>false</pathCostIgnoreRepeat>
    <fillPercent>0.6</fillPercent>
    <castEdgeShadows>false</castEdgeShadows>
	<costList>
      <Steel>5</Steel>
      <WoodLog>15</WoodLog>
    </costList>
	
		<constructEffect>ConstructWood</constructEffect>
		<repairEffect>ConstructWood</repairEffect>
	
	<damageMultipliers>
		<li>
		<damageDef>Bomb</damageDef>
		<multiplier>10</multiplier>
		</li>
	</damageMultipliers>
	
    <defaultPlacingRot>South</defaultPlacingRot>
    <statBases>
      <MaxHitPoints>900</MaxHitPoints>
      <Mass>15</Mass>
      <WorkToBuild>700</WorkToBuild>
      <Flammability>0.50</Flammability>
      <Beauty>-5</Beauty>
    </statBases>
    <size>(1,1)</size>
    <staticSunShadowHeight>0</staticSunShadowHeight>
    <surfaceType>Item</surfaceType>
    <canOverlapZones>false</canOverlapZones>
  </ThingDef>
  
  
  <!-- Steep -->
  
  <ThingDef ParentName="StepBaseTR">
    <defName>Steeptrenchstep</defName>
    <label>Steep Trench - Step</label>
	<thingClass>Building</thingClass>
	
	<researchPrerequisites>
      <li>Trenches1</li>
    </researchPrerequisites>
	
    <description>One step to reach a nearby machine gun.</description>
    <graphicData>
      <texPath>Things/Building/Trench/Trench/Trench2step</texPath>
      <graphicClass>Graphic_Multi</graphicClass>
      <drawSize>(1,1)</drawSize>
      <damageData>
        <cornerTL>Damage/Corner</cornerTL>
        <cornerTR>Damage/Corner</cornerTR>
        <cornerBL>Damage/Corner</cornerBL>
        <cornerBR>Damage/Corner</cornerBR>
      </damageData>
    </graphicData>
    <altitudeLayer>Building</altitudeLayer>
    		<passability>PassThroughOnly</passability>
		<pathCost>40</pathCost>
		<pathCostIgnoreRepeat>false</pathCostIgnoreRepeat>
    <fillPercent>0.6</fillPercent>
    <castEdgeShadows>false</castEdgeShadows>
	<costList>
      <Steel>5</Steel>
      <WoodLog>15</WoodLog>
    </costList>
	
		<constructEffect>ConstructWood</constructEffect>
		<repairEffect>ConstructWood</repairEffect>
	
	<damageMultipliers>
		<li>
		<damageDef>Bomb</damageDef>
		<multiplier>10</multiplier>
		</li>
	</damageMultipliers>
	
    <defaultPlacingRot>South</defaultPlacingRot>
    <statBases>
      <MaxHitPoints>900</MaxHitPoints>
      <Mass>15</Mass>
      <WorkToBuild>700</WorkToBuild>
      <Flammability>0.50</Flammability>
      <Beauty>-5</Beauty>
    </statBases>
    <size>(1,1)</size>
    <staticSunShadowHeight>0</staticSunShadowHeight>
    <surfaceType>Item</surfaceType>
    <canOverlapZones>false</canOverlapZones>
  </ThingDef>
  
  
  </Defs>