<?xml version="1.0" encoding="utf-8" ?>
<Defs>


  <ThingDef Name="TR_BuildingBaseHMG" Abstract="True">
    <category>Building</category>
    <soundImpactDefault>BulletImpact_Metal</soundImpactDefault>
    <selectable>true</selectable>
    <drawerType>MapMeshAndRealTime</drawerType>
    <terrainAffordanceNeeded>Light</terrainAffordanceNeeded>
    <repairEffect>Repair</repairEffect>
    <leaveResourcesWhenKilled>true</leaveResourcesWhenKilled>
    <filthLeaving>Filth_RubbleBuilding</filthLeaving>
		    <tickerType>Never</tickerType>
  </ThingDef>
  <!-- ================ HMG ================ -->

  <ThingDef ParentName="TR_BuildingBaseMMG">
    <defName>TR_Base_HMG</defName>
    <label>MG-42</label>
	<thingCategories>
      <li>BuildingsSecurity</li>
    </thingCategories>
	<researchPrerequisites>
      <li>Trenches3</li>
    </researchPrerequisites>
	
    <description>Machine gun with high rate of fire.</description>
	    <thingClass>Building_TurretGun</thingClass>
		    <minifiedDef>MinifiedThing</minifiedDef>
    <graphicData>
      <texPath>Invis</texPath>
      <graphicClass>Graphic_Single</graphicClass>
      <drawSize>(1,1)</drawSize>
      <damageData>
        <rect>(0.38,0.2,0.56375,0.8)</rect>
        <cornerTL>Damage/Corner</cornerTL>
      </damageData>
    </graphicData>
		 <uiIconPath>Things/Building/Mounted/HMGTrGun</uiIconPath>
    <altitudeLayer>Building</altitudeLayer>
    <hasInteractionCell>True</hasInteractionCell>
    <interactionCellOffset>(0,0,-1)</interactionCellOffset>
    <stealable>true</stealable>
    <rotatable>true</rotatable>
    <size>(1,1)</size>
    <statBases>
      <MaxHitPoints>350</MaxHitPoints>
      <Flammability>0.1</Flammability>
      <WorkToBuild>600</WorkToBuild>
      <Mass>3</Mass>
      <Beauty>-2</Beauty>
    </statBases>
    <tickerType>Normal</tickerType>
    <comps>
      <li Class="CompProperties_Forbiddable"/>
     
      <li Class="CompProperties_Mannable">
        <manWorkType>Violent</manWorkType>
      </li>
      <li Class="CompProperties_Breakdownable"/>
	  
	  <li Class="CompProperties_Refuelable">
        <fuelLabel>Shots remaining</fuelLabel>
        <fuelGizmoLabel>Shots remaining</fuelGizmoLabel>
        <fuelFilter>
          <thingDefs>
            <li>TR_AmmoHMG</li>
          </thingDefs>
        </fuelFilter>
        <fuelCapacity>90</fuelCapacity>
        <initialFuelPercent>1</initialFuelPercent>
        <autoRefuelPercent>0</autoRefuelPercent>
        <showFuelGizmo>true</showFuelGizmo>
        <minimumFueledThreshold>1</minimumFueledThreshold>
        <fuelMultiplier>90</fuelMultiplier>
        <factorByDifficulty>false</factorByDifficulty>
        <consumeFuelOnlyWhenUsed>true</consumeFuelOnlyWhenUsed>
        <outOfFuelMessage>Cannot shoot: Needs new magazine</outOfFuelMessage>
        <fuelIconPath>Things/Building/Mounted/Ammo/HMG/TR_Cartridgebelt_HMG</fuelIconPath>
      </li>
      
    </comps>
    <passability>PassThroughOnly</passability>
    <pathCost>10</pathCost>
    <fillPercent>0.1</fillPercent>
    <castEdgeShadows>false</castEdgeShadows>
    <hasTooltip>true</hasTooltip>
       <costList>
      <Steel>200</Steel>
      <ComponentIndustrial>15</ComponentIndustrial>
    </costList>
    <leaveResourcesWhenKilled>true</leaveResourcesWhenKilled>
    <terrainAffordanceNeeded>Light</terrainAffordanceNeeded>
    <designationCategory>Trenches</designationCategory>
      <building>
      <turretGunDef>TR_Gun_HMG</turretGunDef>
      <turretBurstWarmupTime>0.75</turretBurstWarmupTime>
      <turretBurstCooldownTime>4.0</turretBurstCooldownTime>
      <turretTopGraphicPath>Things/Building/Mounted/HMGTrGun</turretTopGraphicPath>
	  	<blueprintGraphicData>
      <texPath>Things/Building/Mounted/Blueprints/HMGTrGun_BP</texPath>
    </blueprintGraphicData>
    </building>

  </ThingDef>

  
  <ThingDef ParentName="BaseBullet">
    <defName>TR_Bullet_HMG</defName>
    <label>7.92mm Bullet</label>
    <graphicData>
      <texPath>Things/Building/Mounted/Bullets/HMGbullet</texPath>
      <graphicClass>Graphic_Single</graphicClass>
    </graphicData>
    <projectile>
     <damageDef>Bullet</damageDef>
      <damageAmountBase>10</damageAmountBase>
      <speed>120</speed>
      <flyOverhead>false</flyOverhead>
	  <soundImpactAnticipate>TR_Wizz</soundImpactAnticipate>
     </projectile>
      </ThingDef>
	 

  <ThingDef Name="TR_BaseWeaponHMG" Abstract="True">
    <statBases>
      <MaxHitPoints>350</MaxHitPoints>
      <Flammability>0.1</Flammability>
      <DeteriorationRate>1</DeteriorationRate>
      <Beauty>-2</Beauty>
      <SellPriceFactor>0.20</SellPriceFactor>
    </statBases>
    <pathCost>10</pathCost>
    <altitudeLayer>Item</altitudeLayer>
    <thingClass>ThingWithComps</thingClass>
    <category>Item</category>
    <tickerType>Never</tickerType>
    <useHitPoints>true</useHitPoints>
    <comps>
      <li Class="CompProperties_Forbiddable" />
      <li>
        <compClass>CompEquippable</compClass>
      </li>
    </comps>
    <graphicData>
      <onGroundRandomRotateAngle>35</onGroundRandomRotateAngle>
    </graphicData>
    <selectable>true</selectable>
    <drawGUIOverlay>true</drawGUIOverlay>
    <alwaysHaulable>true</alwaysHaulable>
    <equipmentType>Primary</equipmentType>
  </ThingDef>

  <ThingDef ParentName="TR_BaseWeaponHMG">
    <defName>TR_Gun_HMG</defName>
    <label>MG-42</label>
    <description>Machine gun with high rate of fire.</description>
     <graphicData>
         <texPath>Invis</texPath>
      <graphicClass>Graphic_Single</graphicClass>
    </graphicData>
	<techLevel>Industrial</techLevel>
    <menuHidden>true</menuHidden>
	<soundInteract>Interact_Rifle</soundInteract>
    <!--><canBeSpawningInventory>false</canBeSpawningInventory><-->
    <tradeability>None</tradeability>
    <destroyOnDrop>true</destroyOnDrop>
    <statBases>
      <MarketValue>800</MarketValue>
      <AccuracyTouch>0.30</AccuracyTouch>
      <AccuracyShort>0.80</AccuracyShort>
      <AccuracyMedium>0.65</AccuracyMedium>
      <AccuracyLong>0.50</AccuracyLong>
      <RangedWeapon_Cooldown>4</RangedWeapon_Cooldown>
	  <Mass>12</Mass>
    </statBases>
      <weaponTags>
      <li>Artillery</li>
    </weaponTags>
    <verbs>
      <li>
        <verbClass>Verb_Shoot</verbClass>
        <hasStandardCommand>true</hasStandardCommand>
		 <defaultProjectile>TR_Bullet_HMG</defaultProjectile>
        <forcedMissRadius>0</forcedMissRadius>
        <warmupTime>0.75</warmupTime>
        <minRange>0</minRange>
        <range>30</range>
        <burstShotCount>18</burstShotCount>
        <ticksBetweenBurstShots>2</ticksBetweenBurstShots>
        <soundCast>TR_HMG_Fire</soundCast>
        <muzzleFlashScale>20</muzzleFlashScale>
        <targetParams>
          <canTargetLocations>false</canTargetLocations>
        </targetParams>
        <requireLineOfSight>true</requireLineOfSight>
		<consumeFuelPerShot>1</consumeFuelPerShot>
      </li>
    </verbs>
     </ThingDef>
	
	    <!-- ================ HMG with Sandbags================ -->

  <ThingDef ParentName="TR_BuildingBaseHMG">
    <defName>TR_Base_HMGSB</defName>
    <label>MG-42 with sandbags</label>
	<thingCategories>
      <li>BuildingsSecurity</li>
    </thingCategories>
	
	<researchPrerequisites>
      <li>Trenches3</li>
    </researchPrerequisites>
	
    <description>Machine gun with moderate rate of fire.</description>
	    <thingClass>Building_TurretGun</thingClass>
		    <minifiedDef>MinifiedThing</minifiedDef>
    <graphicData>
     <texPath>Things/Building/Mounted/BASEMGTR_Atlas</texPath>
      <graphicClass>Graphic_Single</graphicClass>
	  <linkType>Basic</linkType>
			<linkFlags>
				<li>Custom1</li>
			</linkFlags>
      <drawSize>(1,1)</drawSize>
      <damageData>
        <rect>(0.38,0.2,0.56375,0.8)</rect> 
        <cornerTL>Damage/Corner</cornerTL>
      </damageData>
    </graphicData>
		 <uiIconPath>Things/Building/Mounted/Icons/HMGTrSB_UI</uiIconPath>
	<altitudeLayer>Building</altitudeLayer>
    <hasInteractionCell>True</hasInteractionCell>
    <interactionCellOffset>(0,0,-1)</interactionCellOffset>
    <stealable>true</stealable>
    <rotatable>true</rotatable>
    <size>(1,1)</size>
    <statBases>
      <MaxHitPoints>350</MaxHitPoints>
      <Flammability>0.1</Flammability>
      <WorkToBuild>900</WorkToBuild>
      <Mass>3</Mass>
      <Beauty>-2</Beauty>
    </statBases>
    <tickerType>Normal</tickerType>
    <comps>
      <li Class="CompProperties_Forbiddable"/>
     
      <li Class="CompProperties_Mannable">
        <manWorkType>Violent</manWorkType>
      </li>
      <li Class="CompProperties_Breakdownable"/>
	  
	  <li Class="CompProperties_Refuelable">
        <fuelLabel>Shots remaining</fuelLabel>
        <fuelGizmoLabel>Shots remaining</fuelGizmoLabel>
        <fuelFilter>
          <thingDefs>
            <li>TR_AmmoHMG</li>
          </thingDefs>
        </fuelFilter>
        <fuelCapacity>90</fuelCapacity>
        <initialFuelPercent>1</initialFuelPercent>
        <autoRefuelPercent>0</autoRefuelPercent>
        <showFuelGizmo>true</showFuelGizmo>
        <minimumFueledThreshold>1</minimumFueledThreshold>
        <fuelMultiplier>90</fuelMultiplier>
        <factorByDifficulty>false</factorByDifficulty>
        <consumeFuelOnlyWhenUsed>true</consumeFuelOnlyWhenUsed>
        <outOfFuelMessage>Cannot shoot: Needs new magazine</outOfFuelMessage>
        <fuelIconPath>Things/Building/Mounted/Ammo/HMG/TR_Cartridgebelt_HMG</fuelIconPath>
      </li>
      
    </comps>
    <passability>PassThroughOnly</passability>
    <pathCost>10</pathCost>
    <fillPercent>0.5</fillPercent>
    <castEdgeShadows>false</castEdgeShadows>
    <hasTooltip>true</hasTooltip>
       <costList>
      <Steel>200</Steel>
      <ComponentIndustrial>15</ComponentIndustrial>
	  
    </costList>
    <leaveResourcesWhenKilled>true</leaveResourcesWhenKilled>
    <terrainAffordanceNeeded>Light</terrainAffordanceNeeded>
    <designationCategory>Trenches</designationCategory>
      <building>
      <turretGunDef>TR_Gun_HMG</turretGunDef>
      <turretBurstWarmupTime>0.75</turretBurstWarmupTime>
      <turretBurstCooldownTime>4.0</turretBurstCooldownTime>
      <turretTopGraphicPath>Things/Building/Mounted/HMGTrGun</turretTopGraphicPath>
	  	<blueprintGraphicData>
      <texPath>Things/Building/Mounted/Blueprints/HMGTrSB_BP_Atlas</texPath>
	  	  	  <graphicClass>Graphic_Single</graphicClass>
	  <linkType>Basic</linkType>
			<linkFlags>
				<li>Custom1</li>
			</linkFlags>
    </blueprintGraphicData>
    </building>


  </ThingDef>

  
  

</Defs>
  