<?xml version="1.0" encoding="utf-8" ?>
<Defs>


  <ThingDef Name="TR_BuildingBasePK" Abstract="True">
    <category>Building</category>
    <soundImpactDefault>BulletImpact_Metal</soundImpactDefault>
    <selectable>true</selectable>
    <drawerType>MapMeshAndRealTime</drawerType>
    <terrainAffordanceNeeded>Light</terrainAffordanceNeeded>
    <repairEffect>Repair</repairEffect>
    <leaveResourcesWhenKilled>true</leaveResourcesWhenKilled>
    <filthLeaving>Filth_RubbleBuilding</filthLeaving>
		    <tickerType>Never</tickerType>
  </ThingDef>
  <!-- ================ Pak 5cm ================ -->

  <ThingDef ParentName="TR_BuildingBasePK">
    <defName>TR_Base_Pak</defName>
    <label>50 mm anti-tank gun.</label>
    <thingCategories>
      <li>BuildingsSecurity</li>
    </thingCategories>
	
	<researchPrerequisites>
      <li>Trenches3</li>
    </researchPrerequisites>
	<techLevel>Industrial</techLevel>
	
		
    <description>50 mm anti-tank gun.</description>
	    <thingClass>Building_TurretGun</thingClass>
		 <minifiedDef>MinifiedThing</minifiedDef>
    <graphicData>
      <texPath>Things/Building/Mounted/BasePak</texPath>
      <graphicClass>Graphic_Multi</graphicClass>
      <drawSize>(2,2)</drawSize>
      <damageData>
        <rect>(0.38,0.2,0.56375,0.8)</rect>
        <cornerTL>Damage/Corner</cornerTL>
      </damageData>
    </graphicData>
	<uiIconPath>Things/Building/Mounted/Icons/PakTR_UI</uiIconPath>

    <altitudeLayer>Building</altitudeLayer>
    <hasInteractionCell>True</hasInteractionCell>
    <interactionCellOffset>(0,0,-1)</interactionCellOffset>
    <stealable>false</stealable>
    <rotatable>true</rotatable>
    <size>(2,2)</size>
    <statBases>
      <MaxHitPoints>600</MaxHitPoints>
      <Flammability>0.1</Flammability>
      <WorkToBuild>12000</WorkToBuild>
      <Mass>150</Mass>
      <Beauty>-10</Beauty>
    </statBases>
    <tickerType>Normal</tickerType>
    	<comps>
      <li Class="CompProperties_Forbiddable"/>
     
      <li Class="CompProperties_Mannable">
        <manWorkType>Violent</manWorkType>
      </li>
      <li Class="CompProperties_Breakdownable"/>
	  <li Class="CompProperties_AffectedByFacilities">
		<linkableFacilities>
			<li>Scherenfernrohr</li>
		</linkableFacilities>
	</li>
	</comps>

    <passability>PassThroughOnly</passability>
    <pathCost>30</pathCost>
    <fillPercent>0.4</fillPercent>
    <castEdgeShadows>false</castEdgeShadows>
    <hasTooltip>true</hasTooltip>
       <costList>
      <Steel>350</Steel>
      <ComponentIndustrial>25</ComponentIndustrial>
    </costList>
    <leaveResourcesWhenKilled>true</leaveResourcesWhenKilled>
    <terrainAffordanceNeeded>Light</terrainAffordanceNeeded>
    <designationCategory>Trenches</designationCategory>
    <inspectorTabs>
      <li ListIndex="0">ITab_Shells</li>
    </inspectorTabs>
    <building>
      <turretGunDef>TR_Gun_Pak</turretGunDef>
      <turretBurstWarmupTime>5.0</turretBurstWarmupTime>
      <turretBurstCooldownTime>15.0</turretBurstCooldownTime>
      <turretTopGraphicPath>Things/Building/Mounted/PakGun</turretTopGraphicPath>
	  <blueprintGraphicData>
      <texPath>Things/Building/Mounted/Blueprints/PakTR_BP</texPath>
    </blueprintGraphicData>
    </building>
    <placeWorkers>
      <li>PlaceWorker_NotUnderRoof</li>
    </placeWorkers>

  </ThingDef>

  
  <ThingDef ParentName="BaseBullet">
    <defName>TR_Bullet_5cm</defName>
    <label>50mm Bullet</label>
    <graphicData>
      <texPath>Things/Building/Mounted/Bullets/Pakbullet</texPath>
      <graphicClass>Graphic_Single</graphicClass>
    </graphicData>
    <projectile>
     <damageDef>Bullet</damageDef>
      <damageAmountBase>200</damageAmountBase>
      <speed>160</speed>
      <flyOverhead>false</flyOverhead>
     </projectile>
      </ThingDef>
	  
  <ThingDef Name="TR_BaseWeaponPK" Abstract="True">
    <statBases>
      <MaxHitPoints>600</MaxHitPoints>
      <Flammability>0.1</Flammability>
      <DeteriorationRate>2</DeteriorationRate>
      <Beauty>-6</Beauty>
      <SellPriceFactor>0.20</SellPriceFactor>
    </statBases>
    <pathCost>10</pathCost>
    <altitudeLayer>Item</altitudeLayer>
    <thingClass>ThingWithComps</thingClass>
    <category>Item</category>
    <tickerType>Never</tickerType>
    <useHitPoints>true</useHitPoints>
    <comps>
      <li Class="CompProperties_Forbiddable" />
      <li>
        <compClass>CompEquippable</compClass>
      </li>
    </comps>
    <graphicData>
      <onGroundRandomRotateAngle>35</onGroundRandomRotateAngle>
    </graphicData>
    <selectable>true</selectable>
    <drawGUIOverlay>true</drawGUIOverlay>
    <alwaysHaulable>true</alwaysHaulable>
    <equipmentType>Primary</equipmentType>
  </ThingDef>

  <ThingDef ParentName="TR_BaseWeaponPK">
    <defName>TR_Gun_Pak</defName>
    <label>5 cm anti-tank gun</label>
    <description>A powerfull Anti-Tank Gun. Fires 50mm armor-piercing projectiles, which do NOT explode!</description>
     <graphicData>
         <texPath>Invis</texPath>
      <graphicClass>Graphic_Single</graphicClass>
    </graphicData>
	<techLevel>Industrial</techLevel>
    <menuHidden>true</menuHidden>
	<soundInteract>Interact_Rifle</soundInteract>
    <!--><canBeSpawningInventory>false</canBeSpawningInventory><-->
    <tradeability>None</tradeability>
    <destroyOnDrop>true</destroyOnDrop>
    <statBases>
      <MarketValue>4800</MarketValue>
      <AccuracyTouch>0.20</AccuracyTouch>
      <AccuracyShort>0.75</AccuracyShort>
      <AccuracyMedium>0.70</AccuracyMedium>
      <AccuracyLong>0.65</AccuracyLong>
      <RangedWeapon_Cooldown>15</RangedWeapon_Cooldown>
	  <Mass>150</Mass>
    </statBases>
      <weaponTags>
      <li>Artillery</li>
      <li>TurretGun</li>
    </weaponTags>
    <verbs>
      <li>
        <verbClass>Verb_Shoot</verbClass>
        <hasStandardCommand>true</hasStandardCommand>
        <forcedMissRadius>0</forcedMissRadius>
        <warmupTime>5</warmupTime>
        <minRange>4</minRange>
        <range>100</range>
        <burstShotCount>1</burstShotCount>
        <ticksBetweenBurstShots>100</ticksBetweenBurstShots>
        <soundCast>TR_Pak_Fire</soundCast>
        <muzzleFlashScale>20</muzzleFlashScale>
        <targetParams>
          <canTargetLocations>true</canTargetLocations>
        </targetParams>
        <requireLineOfSight>true</requireLineOfSight>
      </li>
    </verbs>
    <comps>
      <li Class="CompProperties_ChangeableProjectile" />
    </comps>
    <building>
      <fixedStorageSettings>
        <filter>
          <thingDefs>
            <li>Shell_Pak</li>
          </thingDefs>
        </filter>
      </fixedStorageSettings>
      <defaultStorageSettings>
        <filter>
          <thingDefs>
            <li>Shell_Pak</li>
          </thingDefs>
        </filter>
      </defaultStorageSettings>
    </building>
  </ThingDef>
  

</Defs>